{
  "version": 1,
  "author": "Anonymous maker",
  "editor": "wokwi",
  "parts": [
    { "type": "wokwi-breadboard-half", "id": "bb1", "top": -252.6, "left": 22, "attrs": {} },
    { "type": "wokwi-arduino-uno", "id": "uno", "top": 0.6, "left": -29.4, "attrs": {} },
    {
      "type": "wokwi-hx711",
      "id": "cell1",
      "top": -26.2,
      "left": 242.6,
      "attrs": { "type": "50kg" }
    },
    {
      "type": "wokwi-led",
      "id": "led1",
      "top": -166.8,
      "left": 128.6,
      "attrs": { "color": "green" }
    },
    {
      "type": "wokwi-resistor",
      "id": "r1",
      "top": -91.2,
      "left": 133.85,
      "rotate": 90,
      "attrs": { "value": "1000" }
    },
    {
      "type": "wokwi-led",
      "id": "led2",
      "top": -166.8,
      "left": 147.8,
      "attrs": { "color": "yellow" }
    },
    {
      "type": "wokwi-resistor",
      "id": "r2",
      "top": -91.2,
      "left": 153.05,
      "rotate": 90,
      "attrs": { "value": "1000" }
    },
    { "type": "wokwi-led", "id": "led3", "top": -166.8, "left": 167, "attrs": { "color": "red" } },
    {
      "type": "wokwi-resistor",
      "id": "r3",
      "top": -91.2,
      "left": 114.65,
      "rotate": 90,
      "attrs": { "value": "1000" }
    },
    { "type": "wokwi-lcd1602", "id": "lcd1", "top": -332.57, "left": 64, "attrs": {} },
    { "type": "wokwi-potentiometer", "id": "pot1", "top": -174.1, "left": 278.2, "attrs": {} },
    {
      "type": "wokwi-pushbutton",
      "id": "btn1",
      "top": -137.8,
      "left": 403.2,
      "attrs": { "color": "yellow", "xray": "1" }
    },
    {
      "type": "wokwi-pushbutton",
      "id": "btn2",
      "top": -137.8,
      "left": -57.6,
      "attrs": { "color": "red", "xray": "1" }
    }
  ],
  "connections": [
    [ "bb1:bn.1", "uno:GND.2", "black", [ "v-1.3", "h-104", "v268.8", "h192" ] ],
    [ "bb1:bp.1", "uno:5V", "cyan", [ "v-0.9", "h-113.6", "v288", "h192" ] ],
    [ "bb1:3b.j", "bb1:bn.2", "black", [ "v0" ] ],
    [ "bb1:3t.e", "uno:7", "red", [ "v9.6", "h38.4", "v144", "h57.6" ] ],
    [ "bb1:24b.j", "bb1:bn.20", "black", [ "v0" ] ],
    [ "cell1:GND", "bb1:bn.18", "black", [ "h0" ] ],
    [ "cell1:VCC", "bb1:bp.21", "cyan", [ "h0", "v9.6", "h28.8", "v-76.8", "h9.6" ] ],
    [ "cell1:DT", "uno:3", "magenta", [ "h-9.6", "v-29.3", "h-42.4" ] ],
    [ "cell1:SCK", "uno:2", "magenta", [ "h-19.2", "v-20", "h-28.8" ] ],
    [ "uno:4", "bb1:24t.e", "yellow", [ "v-19.2", "h42.3", "v-144", "h38.4" ] ],
    [ "bb1:6t.e", "bb1:bn.5", "black", [ "v0" ] ],
    [ "bb1:7t.e", "bb1:bp.3", "cyan", [ "h-28.8", "v96.9" ] ],
    [ "pot1:GND", "bb1:bn.23", "black", [ "v0" ] ],
    [ "pot1:VCC", "bb1:bp.25", "cyan", [ "v0" ] ],
    [ "bb1:8t.e", "bb1:29b.j", "purple", [ "v76.8", "h201.6" ] ],
    [ "uno:A0", "bb1:9t.e", "blue", [ "v38.3", "h-245.8", "v-268.8", "h192" ] ],
    [ "bb1:12b.h", "uno:8", "green", [ "v96", "h-9.6" ] ],
    [ "bb1:16b.h", "uno:5", "red", [ "v96", "h-9.6" ] ],
    [ "bb1:10t.e", "bb1:bn.6", "black", [ "v76.8", "h0", "v9.6", "h-19.2" ] ],
    [
      "bb1:11t.d",
      "uno:A1",
      "blue",
      [ "v-19.2", "h-115.2", "v124.8", "h-105.6", "v326.4", "h268.8", "v-67.1" ]
    ],
    [ "bb1:16t.e", "uno:9", "#8f4814", [ "v9.6", "h9.6", "v124.8", "h-67.2" ] ],
    [ "bb1:17t.e", "uno:10", "orange", [ "v9.6", "h9.6", "v115.2", "h-86.4" ] ],
    [ "bb1:18t.e", "uno:11", "#8f4814", [ "v9.6", "h9.6", "v134.4", "h-105.6" ] ],
    [ "bb1:19t.d", "uno:12", "orange", [ "h19.2", "v124.8", "h-144", "v48", "h9.1" ] ],
    [ "btn1:1.l", "bb1:24t.d", "yellow", [ "h-19.2", "v-67.2", "h-115.2" ] ],
    [ "btn1:2.l", "bb1:24b.i", "black", [ "h-28.8", "v-76.6", "h-115.2", "v76.8" ] ],
    [ "btn2:2.r", "bb1:3b.i", "black", [ "h0" ] ],
    [ "btn2:1.r", "bb1:3t.d", "red", [ "v-57.6", "h0.2" ] ],
    [ "led1:A", "bb1:12b.g", "", [ "$bb" ] ],
    [ "led1:C", "bb1:11b.g", "", [ "$bb" ] ],
    [ "led2:A", "bb1:14b.g", "", [ "$bb" ] ],
    [ "led2:C", "bb1:13b.g", "", [ "$bb" ] ],
    [ "r2:1", "bb1:15b.h", "", [ "$bb" ] ],
    [ "r2:2", "bb1:bn.12", "", [ "$bb" ] ],
    [ "led3:A", "bb1:16b.g", "", [ "$bb" ] ],
    [ "led3:C", "bb1:15b.g", "", [ "$bb" ] ],
    [ "r3:1", "bb1:11b.h", "", [ "$bb" ] ],
    [ "r3:2", "bb1:bn.9", "", [ "$bb" ] ],
    [ "lcd1:VSS", "bb1:6t.a", "", [ "$bb" ] ],
    [ "lcd1:VDD", "bb1:7t.a", "", [ "$bb" ] ],
    [ "lcd1:V0", "bb1:8t.a", "", [ "$bb" ] ],
    [ "lcd1:RS", "bb1:9t.a", "", [ "$bb" ] ],
    [ "lcd1:RW", "bb1:10t.a", "", [ "$bb" ] ],
    [ "lcd1:E", "bb1:11t.a", "", [ "$bb" ] ],
    [ "lcd1:D0", "bb1:12t.a", "", [ "$bb" ] ],
    [ "lcd1:D1", "bb1:13t.a", "", [ "$bb" ] ],
    [ "lcd1:D2", "bb1:14t.a", "", [ "$bb" ] ],
    [ "lcd1:D3", "bb1:15t.a", "", [ "$bb" ] ],
    [ "lcd1:D4", "bb1:16t.a", "", [ "$bb" ] ],
    [ "lcd1:D5", "bb1:17t.a", "", [ "$bb" ] ],
    [ "lcd1:D6", "bb1:18t.a", "", [ "$bb" ] ],
    [ "lcd1:D7", "bb1:19t.a", "", [ "$bb" ] ],
    [ "lcd1:A", "bb1:20t.a", "", [ "$bb" ] ],
    [ "lcd1:K", "bb1:21t.a", "", [ "$bb" ] ],
    [ "pot1:GND", "bb1:28b.i", "", [ "$bb" ] ],
    [ "pot1:SIG", "bb1:29b.i", "", [ "$bb" ] ],
    [ "pot1:VCC", "bb1:30b.i", "", [ "$bb" ] ],
    [ "bb1:14b.h", "uno:6", "yellow", [ "v0" ] ],
    [ "r1:1", "bb1:13b.h", "", [ "$bb" ] ],
    [ "r1:2", "bb1:bn.10", "black", [ "h0" ] ]
  ],
  "dependencies": {}
}